{"cameraMode":{"drawMode":0,"name":"Shaded","section":"Shading Mode"},"sceneLighting":false,"audioPlay":false,"sceneViewState":{"showFog":false,"showMaterialUpdate":false,"showSkybox":false,"showFlares":false,"showImageEffects":false,"showParticleSystems":false},"in2DMode":false,"pivot":{"x":1.3692383766174317,"y":21.288436889648439,"z":7.301156997680664},"rotation":{"x":-0.10506762564182282,"y":0.8919196128845215,"z":-0.2697673738002777,"w":-0.347378671169281},"size":27.969497680664064,"orthographic":false}