{"cameraMode":{"drawMode":0,"name":"Shaded","section":"Shading Mode"},"sceneLighting":true,"audioPlay":false,"sceneViewState":{"showFog":false,"showMaterialUpdate":false,"showSkybox":false,"showFlares":false,"showImageEffects":false,"showParticleSystems":false},"in2DMode":false,"pivot":{"x":10.142454147338868,"y":11.708921432495118,"z":3.0763320922851564},"rotation":{"x":-0.13039766252040864,"y":0.8334596157073975,"z":-0.22235248982906342,"w":-0.4887848198413849},"size":33.47871780395508,"orthographic":false}